record_id,round,protocol_version,criteria_version,reviewer_role,reviewer_id,decision,evidence_class,primary_reason_code,secondary_reason_codes,evidence_location,factual_note,decided_at_utc,record_sha256,decision_sha256
CAL-010,title-abstract,0.2.2,0.2.1,Protocol author,Hiếu,exclude,,E01,,https://api.openalex.org/works/https://doi.org/10.1109%2FCVPR.2016.90,"The title and abstract concern residual neural-network layers for image recognition, not the architecture of a software system.",2026-09-12T09:48:32Z,c81f8b5d28025789753889145b080034de9d2ed4107cb86f1e24e50050e4e9f4,5c811603b38a43528e0470519a5805f8ef93bca523dd1a9f93f9f4044666ee00
CAL-011,title-abstract,0.2.2,0.2.1,Protocol author,Hiếu,exclude,,E05,E01,https://api.datacite.org/dois/10.48550%2FarXiv.1810.04805,"The retained metadata explicitly identifies an arXiv preprint, and the title and abstract concern a neural language model rather than software-system architecture; E05 precedes E01.",2026-09-12T09:48:32Z,92ea2616caf8e48a0ddd24574233634cb4b9212e2c8ed7638e4e134903bbfc58,ba700e17b771a93a67fe54eb24ab5c29726d71bcef1301617be7f8dffbd90479
CAL-012,title-abstract,0.2.2,0.2.1,Protocol author,Hiếu,exclude,,E02,,https://api.openalex.org/works/https://doi.org/10.1145%2F2601248.2601268,"The title and abstract describe a generic snowballing method for systematic literature studies in software engineering, with no governed software-architecture topic.",2026-09-12T09:48:32Z,408c98dedfba690f86219e12cf9a0eee056540961369c6dd2a1b8c45e09fe969,a0d1a47261e0e28556e37d0f4c795e6a299540422014b437d6b725d1cf71e312
CAL-013,title-abstract,0.2.2,0.2.1,Protocol author,Hiếu,include,,,,https://api.openalex.org/works/https://doi.org/10.1145%2F222124.222136,The abstract compares a high-level structural model with source code and reports agreements and differences through software reflexion models.,2026-09-12T09:48:32Z,0a74c49d14f14dcb44c9ee032ae337a84204a723ce08ffd88d45721d19065f28,cb2a7e3baa49f5b1f8fcf925209073b8599e6cb747c0397e678948ce4e1f4ce9
CAL-014,title-abstract,0.2.2,0.2.1,Protocol author,Hiếu,include,,,,https://api.openalex.org/works/https://doi.org/10.1109%2FWICSA.2007.1,The abstract directly studies and compares static software-architecture compliance-checking approaches.,2026-09-12T09:48:32Z,ccc86b6da31591f1cd0213fbb2a4b01bf1b4d540eb2a8cbe5083da1245f22eb1,56df8c0c460ee98ff30579e2007ce48bd57ce937efffcf3359c695387e57b598
CAL-015,title-abstract,0.2.2,0.2.1,Protocol author,Hiếu,include,,,,https://api.openalex.org/works/https://doi.org/10.1109%2FACCESS.2020.3024671,The abstract reports a systematic literature review of software-architecture degradation and erosion in open-source software.,2026-09-12T09:48:32Z,befb7231d97883e3a9f1dca4a3a224fa0a83d17ce32391e6ed8fc09baffabc25,89b521ac91afb6362af4297d57013a8a31ca3d48961aab4ebb9db170212f378f
CAL-016,title-abstract,0.2.2,0.2.1,Protocol author,Hiếu,include,,,,https://api.openalex.org/works/https://doi.org/10.1109%2FMS.2022.3213880,The title and abstract directly address Infrastructure as Code and software-architecture conformance checking.,2026-09-12T09:48:32Z,08f3e13d923f84f6acebfedc722f971c009d0fe2b8e520ebacb12efa179526ab,9a52d2213121d050663e8e840d76bf7a851107565d3235a8a4084365cecf2842
CAL-017,title-abstract,0.2.2,0.2.1,Protocol author,Hiếu,include,,,,https://api.openalex.org/works/https://doi.org/10.1109%2FICSA.2019.00018,"The abstract studies software architecture smells, their causes, detection and refactoring using an explicit empirical method.",2026-09-12T09:48:32Z,eaf52f872c3ee3311abfde7cf930baf1ef661eae50e81d217a0f7a96a84dbb74,eadf2d82da588a41eea0a8c71d4d005b75d258e72ac2b6d223fcd03fc6c880d4
CAL-018,title-abstract,0.2.2,0.2.1,Protocol author,Hiếu,include,,,,https://api.openalex.org/works/https://doi.org/10.3217%2Fjucs-023-08-0769,The abstract introduces architecture-conformance checking in continuous integration and reports evaluation in a real Java project.,2026-09-12T09:48:32Z,b40bd585dfaae17afd1f17268c4bd13638ab47913bf831f7badbe1c1bdb39bed,73a2f746f2bfcc85da9678fe44559cf577c4baf1e72e05b3c65cc55ea4878551
